{"f00991": "function_code.py", "f00805": "corrupted_function_code.py", "f00872": "corrupted_function_code.py", "f00428": "function_code.py", "f00908": "function_code.py", "f00552": "noised_function_code.py", "f00525": "function_code.py", "f00018": "load_mlp.py", "f00162": "function_code.py", "f00081": "load_mlp.py", "f00115": "load_mlp.py", "f00012": "load_mlp.py", "f00186": "function_code.py", "f00065": "load_mlp.py", "f00168": "function_code.py", "f00878": "corrupted_function_code.py", "f00422": "function_code.py", "f00455": "function_code.py", "f00975": "function_code.py", "f00902": "corrupted_function_code.py", "f00896": "function_code.py", "f00558": "function_code.py", "f00366": "function_code.py", "f00285": "function_code.py", "f00311": "corrupted_function_code.py", "f00388": "corrupted_function_code.py", "f00756": "function_code.py", "f00721": "function_code.py", "f00626": "function_code.py", "f00651": "function_code.py", "f00216": "corrupted_function_code.py", "f00382": "function_code.py", "f00261": "function_code.py", "f00127": "load_mlp.py", "f00150": "function_code.py", "f00840": "function_code.py", "f00837": "corrupted_function_code.py", "f00483": "function_code.py", "f00517": "function_code.py", "f00560": "function_code.py", "f00467": "noised_function_code.py", "f00410": "function_code.py", "f00584": "function_code.py", "f00930": "function_code.py", "f00947": "function_code.py", "f00489": "function_code.py", "f00057": "load_mlp.py", "f00020": "load_mlp.py", "f00687": "function_code.py", "f00713": "corrupted_function_code.py", "f00764": "function_code.py", "f00669": "function_code.py", "f00323": "function_code.py", "f00354": "function_code.py", "f00259": "function_code.py", "f00329": "corrupted_function_code.py", "f00253": "function_code.py", "f00224": "function_code.py", "f00719": "function_code.py", "f00663": "function_code.py", "f00614": "noised_function_code.py", "f00780": "function_code.py", "f00966": "noised_function_code.py", "f00911": "function_code.py", "f00885": "corrupted_function_code.py", "f00431": "function_code.py", "f00988": "function_code.py", "f00446": "noised_function_code.py", "f00098": "load_mlp.py", "f00001": "load_mlp.py", "f00195": "corrupted_function_code.py", "f00076": "load_mlp.py", "f00171": "function_code.py", "f00092": "load_mlp.py", "f00106": "load_mlp.py", "f00541": "function_code.py", "f00536": "corrupted_function_code.py", "f00982": "function_code.py", "f00816": "function_code.py", "f00861": "corrupted_function_code.py", "f00205": "noised_function_code.py", "f00391": "function_code.py", "f00272": "function_code.py", "f00308": "function_code.py", "f00635": "function_code.py", "f00642": "function_code.py", "f00738": "function_code.py", "f00648": "corrupted_function_code.py", "f00745": "function_code.py", "f00732": "function_code.py", "f00278": "function_code.py", "f00375": "function_code.py", "f00296": "noised_function_code.py", "f00302": "corrupted_function_code.py", "f00149": "load_mlp.py", "f00044": "load_mlp.py", "f00033": "load_mlp.py", "f00579": "corrupted_function_code.py", "f00923": "noised_function_code.py", "f00954": "corrupted_function_code.py", "f00474": "noised_function_code.py", "f00403": "function_code.py", "f00859": "function_code.py", "f00597": "noised_function_code.py", "f00490": "function_code.py", "f00504": "function_code.py", "f00573": "noised_function_code.py", "f00929": "noised_function_code.py", "f00409": "noised_function_code.py", "f00853": "function_code.py", "f00824": "function_code.py", "f00134": "load_mlp.py", "f00143": "load_mlp.py", "f00039": "load_mlp.py", "f00670": "noised_function_code.py", "f00607": "corrupted_function_code.py", "f00793": "corrupted_function_code.py", "f00240": "function_code.py", "f00237": "corrupted_function_code.py", "f00330": "function_code.py", "f00347": "noised_function_code.py", "f00799": "function_code.py", "f00694": "corrupted_function_code.py", "f00700": "function_code.py", "f00777": "corrupted_function_code.py", "f00699": "function_code.py", "f00794": "noised_function_code.py", "f00600": "function_code.py", "f00677": "function_code.py", "f00230": "function_code.py", "f00247": "corrupted_function_code.py", "f00340": "corrupted_function_code.py", "f00337": "corrupted_function_code.py", "f00770": "corrupted_function_code.py", "f00707": "function_code.py", "f00693": "function_code.py", "f00034": "load_mlp.py", "f00043": "load_mlp.py", "f00139": "load_mlp.py", "f00590": "function_code.py", "f00404": "function_code.py", "f00473": "corrupted_function_code.py", "f00829": "corrupted_function_code.py", "f00509": "function_code.py", "f00953": "corrupted_function_code.py", "f00924": "noised_function_code.py", "f00479": "function_code.py", "f00823": "function_code.py", "f00854": "function_code.py", "f00574": "function_code.py", "f00503": "function_code.py", "f00497": "function_code.py", "f00959": "function_code.py", "f00049": "load_mlp.py", "f00144": "load_mlp.py", "f00133": "load_mlp.py", "f00378": "noised_function_code.py", "f00275": "corrupted_function_code.py", "f00396": "noised_function_code.py", "f00202": "function_code.py", "f00748": "noised_function_code.py", "f00645": "function_code.py", "f00632": "function_code.py", "f00735": "function_code.py", "f00742": "function_code.py", "f00638": "function_code.py", "f00305": "function_code.py", "f00291": "function_code.py", "f00372": "corrupted_function_code.py", "f00208": "function_code.py", "f00441": "function_code.py", "f00436": "function_code.py", "f00882": "noised_function_code.py", "f00916": "function_code.py", "f00961": "corrupted_function_code.py", "f00071": "load_mlp.py", "f00192": "function_code.py", "f00006": "load_mlp.py", "f00198": "corrupted_function_code.py", "f00101": "load_mlp.py", "f00095": "load_mlp.py", "f00176": "function_code.py", "f00866": "function_code.py", "f00811": "function_code.py", "f00985": "function_code.py", "f00531": "noised_function_code.py", "f00546": "function_code.py", "f00888": "function_code.py", "f00619": "function_code.py", "f00763": "noised_function_code.py", "f00714": "function_code.py", "f00680": "function_code.py", "f00229": "noised_function_code.py", "f00353": "function_code.py", "f00324": "function_code.py", "f00223": "noised_function_code.py", "f00254": "function_code.py", "f00359": "function_code.py", "f00787": "noised_function_code.py", "f00613": "function_code.py", "f00664": "corrupted_function_code.py", "f00769": "function_code.py", "f00157": "function_code.py", "f00120": "load_mlp.py", "f00567": "function_code.py", "f00510": "function_code.py", "f00484": "corrupted_function_code.py", "f00830": "corrupted_function_code.py", "f00589": "corrupted_function_code.py", "f00847": "function_code.py", "f00940": "corrupted_function_code.py", "f00937": "function_code.py", "f00583": "noised_function_code.py", "f00417": "function_code.py", "f00460": "corrupted_function_code.py", "f00027": "load_mlp.py", "f00050": "load_mlp.py", "f00316": "noised_function_code.py", "f00282": "corrupted_function_code.py", "f00361": "function_code.py", "f00726": "noised_function_code.py", "f00751": "function_code.py", "f00656": "function_code.py", "f00621": "noised_function_code.py", "f00266": "corrupted_function_code.py", "f00385": "corrupted_function_code.py", "f00211": "function_code.py", "f00288": "function_code.py", "f00978": "noised_function_code.py", "f00522": "function_code.py", "f00555": "function_code.py", "f00875": "function_code.py", "f00802": "function_code.py", "f00458": "corrupted_function_code.py", "f00996": "function_code.py", "f00112": "load_mlp.py", "f00086": "load_mlp.py", "f00165": "corrupted_function_code.py", "f00068": "load_mlp.py", "f00118": "load_mlp.py", "f00062": "load_mlp.py", "f00181": "function_code.py", "f00015": "load_mlp.py", "f00891": "corrupted_function_code.py", "f00905": "function_code.py", "f00972": "function_code.py", "f00528": "noised_function_code.py", "f00808": "function_code.py", "f00452": "function_code.py", "f00425": "corrupted_function_code.py", "f00318": "corrupted_function_code.py", "f00262": "function_code.py", "f00215": "function_code.py", "f00381": "function_code.py", "f00728": "function_code.py", "f00652": "noised_function_code.py", "f00625": "corrupted_function_code.py", "f00722": "corrupted_function_code.py", "f00755": "noised_function_code.py", "f00658": "corrupted_function_code.py", "f00286": "noised_function_code.py", "f00312": "corrupted_function_code.py", "f00365": "corrupted_function_code.py", "f00268": "corrupted_function_code.py", "f00456": "function_code.py", "f00998": "corrupted_function_code.py", "f00421": "noised_function_code.py", "f00901": "corrupted_function_code.py", "f00895": "function_code.py", "f00976": "corrupted_function_code.py", "f00066": "load_mlp.py", "f00011": "load_mlp.py", "f00185": "noised_function_code.py", "f00088": "load_mlp.py", "f00082": "load_mlp.py", "f00116": "load_mlp.py", "f00161": "corrupted_function_code.py", "f00871": "corrupted_function_code.py", "f00992": "corrupted_function_code.py", "f00806": "function_code.py", "f00526": "function_code.py", "f00551": "function_code.py", "f00617": "noised_function_code.py", "f00783": "function_code.py", "f00660": "function_code.py", "f00227": "function_code.py", "f00250": "noised_function_code.py", "f00357": "function_code.py", "f00320": "noised_function_code.py", "f00767": "function_code.py", "f00684": "function_code.py", "f00710": "corrupted_function_code.py", "f00789": "function_code.py", "f00023": "load_mlp.py", "f00054": "load_mlp.py", "f00159": "function_code.py", "f00413": "function_code.py", "f00587": "corrupted_function_code.py", "f00849": "function_code.py", "f00464": "corrupted_function_code.py", "f00944": "corrupted_function_code.py", "f00569": "noised_function_code.py", "f00933": "function_code.py", "f00834": "function_code.py", "f00419": "function_code.py", "f00843": "noised_function_code.py", "f00563": "corrupted_function_code.py", "f00939": "corrupted_function_code.py", "f00480": "function_code.py", "f00514": "function_code.py", "f00029": "load_mlp.py", "f00153": "function_code.py", "f00124": "load_mlp.py", "f00398": "function_code.py", "f00295": "noised_function_code.py", "f00301": "function_code.py", "f00376": "function_code.py", "f00731": "function_code.py", "f00746": "function_code.py", "f00641": "corrupted_function_code.py", "f00636": "function_code.py", "f00271": "function_code.py", "f00206": "function_code.py", "f00392": "function_code.py", "f00535": "function_code.py", "f00918": "noised_function_code.py", "f00542": "corrupted_function_code.py", "f00862": "corrupted_function_code.py", "f00438": "corrupted_function_code.py", "f00981": "function_code.py", "f00815": "function_code.py", "f00091": "load_mlp.py", "f00105": "load_mlp.py", "f00172": "function_code.py", "f00008": "load_mlp.py", "f00178": "function_code.py", "f00075": "load_mlp.py", "f00002": "load_mlp.py", "f00196": "function_code.py", "f00912": "function_code.py", "f00548": "function_code.py", "f00886": "noised_function_code.py", "f00965": "noised_function_code.py", "f00445": "noised_function_code.py", "f00868": "function_code.py", "f00432": "function_code.py", "f00679": "corrupted_function_code.py", "f00774": "function_code.py", "f00697": "corrupted_function_code.py", "f00703": "corrupted_function_code.py", "f00249": "corrupted_function_code.py", "f00344": "corrupted_function_code.py", "f00333": "noised_function_code.py", "f00234": "corrupted_function_code.py", "f00243": "noised_function_code.py", "f00339": "noised_function_code.py", "f00604": "function_code.py", "f00790": "function_code.py", "f00673": "noised_function_code.py", "f00709": "corrupted_function_code.py", "f00140": "load_mlp.py", "f00137": "load_mlp.py", "f00570": "corrupted_function_code.py", "f00493": "function_code.py", "f00507": "corrupted_function_code.py", "f00827": "noised_function_code.py", "f00850": "noised_function_code.py", "f00499": "function_code.py", "f00957": "function_code.py", "f00920": "function_code.py", "f00400": "noised_function_code.py", "f00594": "function_code.py", "f00477": "function_code.py", "f00030": "load_mlp.py", "f00047": "load_mlp.py", "f00130": "load_mlp.py", "f00147": "load_mlp.py", "f00857": "corrupted_function_code.py", "f00599": "corrupted_function_code.py", "f00820": "noised_function_code.py", "f00500": "function_code.py", "f00494": "corrupted_function_code.py", "f00577": "function_code.py", "f00470": "noised_function_code.py", "f00593": "function_code.py", "f00407": "function_code.py", "f00927": "noised_function_code.py", "f00950": "function_code.py", "f00040": "load_mlp.py", "f00037": "load_mlp.py", "f00704": "function_code.py", "f00690": "function_code.py", "f00773": "function_code.py", "f00609": "function_code.py", "f00334": "function_code.py", "f00343": "noised_function_code.py", "f00239": "noised_function_code.py", "f00349": "corrupted_function_code.py", "f00244": "corrupted_function_code.py", "f00233": "corrupted_function_code.py", "f00779": "corrupted_function_code.py", "f00674": "function_code.py", "f00797": "corrupted_function_code.py", "f00603": "function_code.py", "f00812": "noised_function_code.py", "f00986": "function_code.py", "f00448": "noised_function_code.py", "f00865": "function_code.py", "f00545": "function_code.py", "f00968": "function_code.py", "f00532": "function_code.py", "f00078": "load_mlp.py", "f00175": "corrupted_function_code.py", "f00102": "load_mlp.py", "f00096": "load_mlp.py", "f00191": "noised_function_code.py", "f00005": "load_mlp.py", "f00072": "load_mlp.py", "f00108": "load_mlp.py", "f00435": "function_code.py", "f00818": "function_code.py", "f00442": "corrupted_function_code.py", "f00962": "function_code.py", "f00538": "function_code.py", "f00881": "noised_function_code.py", "f00915": "function_code.py", "f00371": "noised_function_code.py", "f00306": "function_code.py", "f00292": "noised_function_code.py", "f00741": "noised_function_code.py", "f00736": "corrupted_function_code.py", "f00631": "function_code.py", "f00646": "function_code.py", "f00298": "function_code.py", "f00395": "noised_function_code.py", "f00201": "noised_function_code.py", "f00276": "function_code.py", "f00129": "load_mlp.py", "f00053": "load_mlp.py", "f00024": "load_mlp.py", "f00934": "function_code.py", "f00519": "corrupted_function_code.py", "f00943": "noised_function_code.py", "f00463": "function_code.py", "f00839": "function_code.py", "f00580": "corrupted_function_code.py", "f00414": "function_code.py", "f00513": "corrupted_function_code.py", "f00949": "function_code.py", "f00487": "function_code.py", "f00564": "corrupted_function_code.py", "f00844": "corrupted_function_code.py", "f00469": "function_code.py", "f00833": "noised_function_code.py", "f00123": "load_mlp.py", "f00154": "function_code.py", "f00059": "load_mlp.py", "f00667": "function_code.py", "f00784": "function_code.py", "f00610": "function_code.py", "f00689": "function_code.py", "f00257": "function_code.py", "f00220": "function_code.py", "f00327": "corrupted_function_code.py", "f00350": "corrupted_function_code.py", "f00717": "noised_function_code.py", "f00683": "noised_function_code.py", "f00760": "function_code.py", "f00971": "function_code.py", "f00892": "function_code.py", "f00906": "function_code.py", "f00426": "function_code.py", "f00451": "noised_function_code.py", "f00182": "function_code.py", "f00016": "load_mlp.py", "f00061": "load_mlp.py", "f00166": "corrupted_function_code.py", "f00111": "load_mlp.py", "f00085": "load_mlp.py", "f00188": "function_code.py", "f00898": "function_code.py", "f00556": "noised_function_code.py", "f00521": "corrupted_function_code.py", "f00801": "corrupted_function_code.py", "f00995": "function_code.py", "f00876": "function_code.py", "f00386": "noised_function_code.py", "f00212": "noised_function_code.py", "f00265": "function_code.py", "f00368": "noised_function_code.py", "f00622": "corrupted_function_code.py", "f00655": "corrupted_function_code.py", "f00758": "corrupted_function_code.py", "f00628": "function_code.py", "f00752": "function_code.py", "f00725": "function_code.py", "f00218": "function_code.py", "f00362": "noised_function_code.py", "f00315": "function_code.py", "f00281": "noised_function_code.py", "f00665": "function_code.py", "f00786": "function_code.py", "f00612": "noised_function_code.py", "f00768": "noised_function_code.py", "f00255": "corrupted_function_code.py", "f00222": "function_code.py", "f00358": "function_code.py", "f00228": "noised_function_code.py", "f00325": "corrupted_function_code.py", "f00352": "function_code.py", "f00618": "corrupted_function_code.py", "f00715": "corrupted_function_code.py", "f00681": "function_code.py", "f00762": "noised_function_code.py", "f00051": "load_mlp.py", "f00026": "load_mlp.py", "f00936": "corrupted_function_code.py", "f00941": "function_code.py", "f00461": "function_code.py", "f00582": "corrupted_function_code.py", "f00416": "noised_function_code.py", "f00511": "function_code.py", "f00485": "corrupted_function_code.py", "f00566": "corrupted_function_code.py", "f00846": "function_code.py", "f00588": "corrupted_function_code.py", "f00831": "noised_function_code.py", "f00121": "load_mlp.py", "f00156": "function_code.py", "f00384": "function_code.py", "f00210": "noised_function_code.py", "f00267": "noised_function_code.py", "f00289": "noised_function_code.py", "f00620": "function_code.py", "f00657": "function_code.py", "f00750": "function_code.py", "f00727": "noised_function_code.py", "f00360": "function_code.py", "f00317": "corrupted_function_code.py", "f00283": "function_code.py", "f00973": "noised_function_code.py", "f00529": "function_code.py", "f00890": "function_code.py", "f00904": "function_code.py", "f00424": "function_code.py", "f00809": "corrupted_function_code.py", "f00453": "function_code.py", "f00119": "load_mlp.py", "f00180": "corrupted_function_code.py", "f00014": "load_mlp.py", "f00063": "load_mlp.py", "f00164": "noised_function_code.py", "f00113": "load_mlp.py", "f00087": "load_mlp.py", "f00069": "load_mlp.py", "f00554": "noised_function_code.py", "f00979": "noised_function_code.py", "f00523": "function_code.py", "f00803": "corrupted_function_code.py", "f00997": "noised_function_code.py", "f00459": "noised_function_code.py", "f00874": "function_code.py", "f00706": "noised_function_code.py", "f00692": "function_code.py", "f00771": "noised_function_code.py", "f00336": "function_code.py", "f00341": "corrupted_function_code.py", "f00246": "function_code.py", "f00231": "corrupted_function_code.py", "f00698": "function_code.py", "f00676": "function_code.py", "f00795": "function_code.py", "f00601": "corrupted_function_code.py", "f00048": "load_mlp.py", "f00132": "load_mlp.py", "f00145": "load_mlp.py", "f00855": "function_code.py", "f00478": "corrupted_function_code.py", "f00822": "corrupted_function_code.py", "f00502": "function_code.py", "f00958": "function_code.py", "f00496": "function_code.py", "f00575": "function_code.py", "f00472": "noised_function_code.py", "f00828": "function_code.py", "f00591": "function_code.py", "f00405": "function_code.py", "f00925": "corrupted_function_code.py", "f00508": "noised_function_code.py", "f00952": "function_code.py", "f00042": "load_mlp.py", "f00035": "load_mlp.py", "f00138": "load_mlp.py", "f00373": "noised_function_code.py", "f00304": "function_code.py", "f00290": "function_code.py", "f00209": "function_code.py", "f00743": "function_code.py", "f00734": "function_code.py", "f00639": "noised_function_code.py", "f00749": "function_code.py", "f00633": "function_code.py", "f00644": "noised_function_code.py", "f00379": "corrupted_function_code.py", "f00397": "function_code.py", "f00203": "function_code.py", "f00274": "function_code.py", "f00810": "corrupted_function_code.py", "f00984": "function_code.py", "f00867": "function_code.py", "f00889": "noised_function_code.py", "f00547": "function_code.py", "f00530": "corrupted_function_code.py", "f00199": "noised_function_code.py", "f00177": "function_code.py", "f00100": "load_mlp.py", "f00094": "load_mlp.py", "f00193": "function_code.py", "f00007": "load_mlp.py", "f00070": "load_mlp.py", "f00437": "function_code.py", "f00440": "function_code.py", "f00960": "function_code.py", "f00883": "corrupted_function_code.py", "f00917": "noised_function_code.py", "f00537": "corrupted_function_code.py", "f00540": "noised_function_code.py", "f00860": "noised_function_code.py", "f00983": "function_code.py", "f00817": "corrupted_function_code.py", "f00093": "load_mlp.py", "f00107": "load_mlp.py", "f00170": "noised_function_code.py", "f00099": "load_mlp.py", "f00077": "load_mlp.py", "f00000": "load_mlp.py", "f00194": "function_code.py", "f00910": "function_code.py", "f00884": "function_code.py", "f00967": "function_code.py", "f00447": "function_code.py", "f00989": "function_code.py", "f00430": "corrupted_function_code.py", "f00279": "function_code.py", "f00297": "noised_function_code.py", "f00303": "function_code.py", "f00374": "corrupted_function_code.py", "f00649": "function_code.py", "f00733": "noised_function_code.py", "f00744": "function_code.py", "f00643": "function_code.py", "f00634": "corrupted_function_code.py", "f00739": "corrupted_function_code.py", "f00273": "function_code.py", "f00204": "function_code.py", "f00390": "function_code.py", "f00309": "corrupted_function_code.py", "f00142": "load_mlp.py", "f00135": "load_mlp.py", "f00038": "load_mlp.py", "f00572": "function_code.py", "f00928": "corrupted_function_code.py", "f00491": "function_code.py", "f00505": "function_code.py", "f00825": "function_code.py", "f00408": "corrupted_function_code.py", "f00852": "function_code.py", "f00955": "noised_function_code.py", "f00578": "corrupted_function_code.py", "f00922": "function_code.py", "f00402": "noised_function_code.py", "f00596": "corrupted_function_code.py", "f00858": "function_code.py", "f00475": "noised_function_code.py", "f00148": "load_mlp.py", "f00032": "load_mlp.py", "f00045": "load_mlp.py", "f00798": "noised_function_code.py", "f00776": "noised_function_code.py", "f00695": "function_code.py", "f00701": "function_code.py", "f00346": "function_code.py", "f00331": "function_code.py", "f00236": "function_code.py", "f00241": "function_code.py", "f00606": "function_code.py", "f00792": "noised_function_code.py", "f00671": "function_code.py", "f00454": "function_code.py", "f00879": "noised_function_code.py", "f00423": "function_code.py", "f00903": "function_code.py", "f00559": "function_code.py", "f00897": "noised_function_code.py", "f00974": "function_code.py", "f00064": "load_mlp.py", "f00013": "load_mlp.py", "f00187": "corrupted_function_code.py", "f00169": "function_code.py", "f00019": "load_mlp.py", "f00080": "load_mlp.py", "f00114": "load_mlp.py", "f00163": "corrupted_function_code.py", "f00873": "corrupted_function_code.py", "f00429": "corrupted_function_code.py", "f00990": "noised_function_code.py", "f00804": "function_code.py", "f00524": "function_code.py", "f00909": "corrupted_function_code.py", "f00553": "function_code.py", "f00260": "corrupted_function_code.py", "f00217": "corrupted_function_code.py", "f00383": "function_code.py", "f00650": "noised_function_code.py", "f00627": "noised_function_code.py", "f00720": "noised_function_code.py", "f00757": "function_code.py", "f00284": "function_code.py", "f00310": "function_code.py", "f00367": "function_code.py", "f00389": "noised_function_code.py", "f00021": "load_mlp.py", "f00056": "load_mlp.py", "f00411": "function_code.py", "f00585": "function_code.py", "f00466": "function_code.py", "f00488": "corrupted_function_code.py", "f00946": "function_code.py", "f00931": "corrupted_function_code.py", "f00836": "function_code.py", "f00841": "corrupted_function_code.py", "f00561": "noised_function_code.py", "f00482": "function_code.py", "f00516": "noised_function_code.py", "f00151": "noised_function_code.py", "f00126": "load_mlp.py", "f00718": "function_code.py", "f00615": "noised_function_code.py", "f00781": "noised_function_code.py", "f00662": "noised_function_code.py", "f00328": "function_code.py", "f00225": "function_code.py", "f00252": "function_code.py", "f00355": "corrupted_function_code.py", "f00322": "function_code.py", "f00258": "function_code.py", "f00765": "function_code.py", "f00686": "function_code.py", "f00712": "corrupted_function_code.py", "f00668": "function_code.py", "f00155": "corrupted_function_code.py", "f00122": "load_mlp.py", "f00058": "load_mlp.py", "f00565": "function_code.py", "f00512": "function_code.py", "f00486": "function_code.py", "f00948": "function_code.py", "f00468": "function_code.py", "f00832": "noised_function_code.py", "f00845": "function_code.py", "f00518": "noised_function_code.py", "f00942": "function_code.py", "f00935": "function_code.py", "f00581": "corrupted_function_code.py", "f00415": "noised_function_code.py", "f00462": "function_code.py", "f00838": "function_code.py", "f00128": "load_mlp.py", "f00025": "load_mlp.py", "f00052": "load_mlp.py", "f00761": "function_code.py", "f00716": "corrupted_function_code.py", "f00682": "corrupted_function_code.py", "f00351": "function_code.py", "f00326": "noised_function_code.py", "f00221": "corrupted_function_code.py", "f00256": "function_code.py", "f00785": "noised_function_code.py", "f00611": "function_code.py", "f00666": "function_code.py", "f00688": "function_code.py", "f00520": "function_code.py", "f00557": "noised_function_code.py", "f00899": "function_code.py", "f00877": "function_code.py", "f00800": "corrupted_function_code.py", "f00994": "function_code.py", "f00110": "load_mlp.py", "f00084": "load_mlp.py", "f00167": "corrupted_function_code.py", "f00189": "noised_function_code.py", "f00060": "load_mlp.py", "f00183": "function_code.py", "f00017": "load_mlp.py", "f00893": "function_code.py", "f00907": "noised_function_code.py", "f00970": "noised_function_code.py", "f00450": "noised_function_code.py", "f00427": "function_code.py", "f00219": "function_code.py", "f00314": "corrupted_function_code.py", "f00280": "function_code.py", "f00363": "noised_function_code.py", "f00629": "function_code.py", "f00724": "noised_function_code.py", "f00753": "corrupted_function_code.py", "f00654": "corrupted_function_code.py", "f00623": "function_code.py", "f00759": "corrupted_function_code.py", "f00264": "noised_function_code.py", "f00387": "function_code.py", "f00213": "corrupted_function_code.py", "f00369": "function_code.py", "f00036": "load_mlp.py", "f00041": "load_mlp.py", "f00592": "function_code.py", "f00406": "noised_function_code.py", "f00471": "noised_function_code.py", "f00951": "function_code.py", "f00926": "function_code.py", "f00821": "function_code.py", "f00598": "function_code.py", "f00856": "function_code.py", "f00576": "function_code.py", "f00501": "function_code.py", "f00495": "function_code.py", "f00146": "load_mlp.py", "f00131": "load_mlp.py", "f00778": "noised_function_code.py", "f00796": "noised_function_code.py", "f00602": "noised_function_code.py", "f00675": "noised_function_code.py", "f00348": "function_code.py", "f00232": "function_code.py", "f00245": "noised_function_code.py", "f00342": "function_code.py", "f00335": "function_code.py", "f00238": "noised_function_code.py", "f00772": "function_code.py", "f00705": "corrupted_function_code.py", "f00691": "noised_function_code.py", "f00608": "function_code.py", "f00819": "noised_function_code.py", "f00443": "corrupted_function_code.py", "f00434": "function_code.py", "f00880": "function_code.py", "f00914": "function_code.py", "f00963": "noised_function_code.py", "f00539": "function_code.py", "f00073": "load_mlp.py", "f00190": "function_code.py", "f00004": "load_mlp.py", "f00109": "load_mlp.py", "f00079": "load_mlp.py", "f00103": "load_mlp.py", "f00097": "load_mlp.py", "f00174": "function_code.py", "f00864": "function_code.py", "f00813": "function_code.py", "f00449": "corrupted_function_code.py", "f00987": "function_code.py", "f00969": "noised_function_code.py", "f00533": "corrupted_function_code.py", "f00544": "noised_function_code.py", "f00299": "function_code.py", "f00277": "noised_function_code.py", "f00394": "function_code.py", "f00200": "corrupted_function_code.py", "f00647": "function_code.py", "f00630": "function_code.py", "f00737": "function_code.py", "f00740": "function_code.py", "f00307": "function_code.py", "f00293": "function_code.py", "f00370": "function_code.py", "f00207": "function_code.py", "f00393": "noised_function_code.py", "f00270": "corrupted_function_code.py", "f00637": "function_code.py", "f00640": "function_code.py", "f00747": "function_code.py", "f00730": "function_code.py", "f00399": "function_code.py", "f00377": "function_code.py", "f00294": "function_code.py", "f00300": "noised_function_code.py", "f00964": "noised_function_code.py", "f00913": "function_code.py", "f00887": "function_code.py", "f00549": "function_code.py", "f00869": "function_code.py", "f00433": "function_code.py", "f00444": "noised_function_code.py", "f00179": "noised_function_code.py", "f00003": "load_mlp.py", "f00197": "function_code.py", "f00074": "load_mlp.py", "f00173": "function_code.py", "f00090": "load_mlp.py", "f00104": "load_mlp.py", "f00009": "load_mlp.py", "f00919": "function_code.py", "f00543": "function_code.py", "f00534": "function_code.py", "f00980": "function_code.py", "f00814": "corrupted_function_code.py", "f00863": "corrupted_function_code.py", "f00439": "function_code.py", "f00672": "function_code.py", "f00605": "function_code.py", "f00791": "noised_function_code.py", "f00708": "corrupted_function_code.py", "f00242": "corrupted_function_code.py", "f00235": "corrupted_function_code.py", "f00338": "corrupted_function_code.py", "f00248": "function_code.py", "f00332": "corrupted_function_code.py", "f00345": "function_code.py", "f00678": "function_code.py", "f00696": "noised_function_code.py", "f00702": "noised_function_code.py", "f00775": "corrupted_function_code.py", "f00046": "load_mlp.py", "f00031": "load_mlp.py", "f00921": "function_code.py", "f00956": "function_code.py", "f00498": "function_code.py", "f00476": "noised_function_code.py", "f00401": "function_code.py", "f00595": "corrupted_function_code.py", "f00492": "corrupted_function_code.py", "f00506": "function_code.py", "f00571": "function_code.py", "f00851": "noised_function_code.py", "f00826": "noised_function_code.py", "f00136": "load_mlp.py", "f00141": "load_mlp.py", "f00364": "function_code.py", "f00287": "corrupted_function_code.py", "f00313": "function_code.py", "f00269": "corrupted_function_code.py", "f00754": "corrupted_function_code.py", "f00723": "function_code.py", "f00659": "noised_function_code.py", "f00729": "noised_function_code.py", "f00624": "function_code.py", "f00653": "function_code.py", "f00319": "function_code.py", "f00214": "corrupted_function_code.py", "f00380": "function_code.py", "f00263": "corrupted_function_code.py", "f00993": "function_code.py", "f00807": "function_code.py", "f00870": "function_code.py", "f00550": "function_code.py", "f00527": "corrupted_function_code.py", "f00160": "function_code.py", "f00083": "load_mlp.py", "f00117": "load_mlp.py", "f00010": "load_mlp.py", "f00184": "corrupted_function_code.py", "f00067": "load_mlp.py", "f00089": "load_mlp.py", "f00420": "corrupted_function_code.py", "f00999": "function_code.py", "f00457": "function_code.py", "f00977": "function_code.py", "f00900": "function_code.py", "f00894": "function_code.py", "f00685": "function_code.py", "f00711": "corrupted_function_code.py", "f00766": "function_code.py", "f00788": "noised_function_code.py", "f00321": "function_code.py", "f00356": "function_code.py", "f00251": "function_code.py", "f00226": "corrupted_function_code.py", "f00661": "noised_function_code.py", "f00616": "corrupted_function_code.py", "f00782": "function_code.py", "f00028": "load_mlp.py", "f00125": "load_mlp.py", "f00152": "noised_function_code.py", "f00418": "function_code.py", "f00842": "noised_function_code.py", "f00835": "noised_function_code.py", "f00481": "corrupted_function_code.py", "f00515": "function_code.py", "f00562": "noised_function_code.py", "f00938": "function_code.py", "f00465": "function_code.py", "f00412": "function_code.py", "f00848": "function_code.py", "f00586": "function_code.py", "f00568": "function_code.py", "f00932": "noised_function_code.py", "f00945": "corrupted_function_code.py", "f00055": "load_mlp.py", "f00022": "load_mlp.py", "f00158": "corrupted_function_code.py"}